{"cameraMode":{"drawMode":0,"name":"Shaded","section":"Shading Mode"},"sceneLighting":true,"audioPlay":false,"sceneViewState":{"showFog":true,"showMaterialUpdate":false,"showSkybox":true,"showFlares":true,"showImageEffects":true,"showParticleSystems":true},"in2DMode":false,"pivot":{"x":10.620849609375,"y":-6.59375,"z":9.479331016540528},"rotation":{"x":-0.5111105442047119,"y":0.48830682039260867,"z":-0.5169657468795776,"w":-0.48277798295021059},"size":12.011039733886719,"orthographic":true}